PRAGMA foreign_keys=OFF;
BEGIN TRANSACTION;
CREATE TABLE users (    id            INTEGER PRIMARY KEY AUTOINCREMENT,    username      TEXT    NOT NULL UNIQUE,    password_hash TEXT    NOT NULL,    full_name     TEXT    NOT NULL,    email         TEXT    NOT NULL UNIQUE);
INSERT INTO users VALUES(1,'javieramiri','8d969eef6ecad3c29a3a629280e686cf0c3f5d5a86aff3ca12020c923adc6c92','javier','javier@email.com');
INSERT INTO users VALUES(2,'aaronT','f64561e04c3be9cea6271afcd2b324f4b8654ed1b011f4f15ff4436e0100d5a0','Aaron Tireny','aaron@yahoo.com');
INSERT INTO users VALUES(3,'Maduro','af32a518fa35badd45cc983585b341ea6cab61c1c19a7d3d1cc59f7fa09fa23b','Nicolas Maduro','presidente@gmail.com');
INSERT INTO users VALUES(4,'raquel','5fd924625f6ab16a19cc9807c7c506ae1813490e4ba675f843d5a10e0baacdb8','Raquel Reyes','raquel@hotmail.com');
INSERT INTO users VALUES(5,'maria67','96cae35ce8a9b0244178bf28e4966c2ce1b8385723a96a6b838858cdd6ca0a1e','maria','maria@gmail.com');
INSERT INTO users VALUES(6,'pepito','96cae35ce8a9b0244178bf28e4966c2ce1b8385723a96a6b838858cdd6ca0a1e','Pepe Soler','pepe@setu.ie');
INSERT INTO users VALUES(7,'rita12','96cae35ce8a9b0244178bf28e4966c2ce1b8385723a96a6b838858cdd6ca0a1e','rita','rita@setu.ie');
INSERT INTO users VALUES(8,'Dani','96cae35ce8a9b0244178bf28e4966c2ce1b8385723a96a6b838858cdd6ca0a1e','Dani','dani@setu.ie');
INSERT INTO users VALUES(9,'test','96cae35ce8a9b0244178bf28e4966c2ce1b8385723a96a6b838858cdd6ca0a1e','Test','test@test.com');
CREATE TABLE trains (    id             INTEGER PRIMARY KEY AUTOINCREMENT,    train_number   TEXT    NOT NULL UNIQUE,    train_name     TEXT    NOT NULL,    origin         TEXT    NOT NULL,    destination    TEXT    NOT NULL,    departure_time TEXT    NOT NULL,    arrival_time   TEXT    NOT NULL,    total_seats    INTEGER NOT NULL,    price_per_seat REAL    NOT NULL);
INSERT INTO trains VALUES(1,'IE101','Dublin Express','Dublin','Cork','2025-05-01 07:00:00','2025-05-01 09:30:00',60,35.0);
INSERT INTO trains VALUES(2,'IE102','Cork Morning Star','Cork','Dublin','2025-05-01 08:00:00','2025-05-01 10:30:00',60,35.0);
INSERT INTO trains VALUES(3,'IE103','Galway Flyer','Dublin','Galway','2025-05-01 09:00:00','2025-05-01 11:15:00',80,28.0);
INSERT INTO trains VALUES(4,'IE104','Belfast Express','Dublin','Belfast','2025-05-01 10:00:00','2025-05-01 12:00:00',100,22.0);
INSERT INTO trains VALUES(5,'IE105','Limerick Connect','Dublin','Limerick','2025-05-01 11:00:00','2025-05-01 13:00:00',60,30.0);
INSERT INTO trains VALUES(6,'IE106','Waterford Intercity','Dublin','Waterford','2025-05-01 12:00:00','2025-05-01 14:00:00',60,25.0);
INSERT INTO trains VALUES(7,'IE107','Sligo Arrow','Dublin','Sligo','2025-05-01 13:00:00','2025-05-01 15:30:00',50,32.0);
INSERT INTO trains VALUES(8,'IE108','Evening Express','Dublin','Cork','2025-05-01 17:00:00','2025-05-01 19:30:00',60,35.0);
CREATE TABLE seats (    id          INTEGER PRIMARY KEY AUTOINCREMENT,    train_id    INTEGER NOT NULL,    seat_number TEXT    NOT NULL,    seat_class  TEXT    NOT NULL DEFAULT 'STANDARD',    is_booked   INTEGER NOT NULL DEFAULT 0,    FOREIGN KEY (train_id) REFERENCES trains(id));
INSERT INTO seats VALUES(1,1,'1A','FIRST',0);
INSERT INTO seats VALUES(2,1,'1B','FIRST',0);
INSERT INTO seats VALUES(3,1,'1C','FIRST',0);
INSERT INTO seats VALUES(4,1,'1D','FIRST',0);
INSERT INTO seats VALUES(5,1,'2A','FIRST',0);
INSERT INTO seats VALUES(6,1,'2B','FIRST',0);
INSERT INTO seats VALUES(7,1,'2C','FIRST',0);
INSERT INTO seats VALUES(8,1,'2D','FIRST',0);
INSERT INTO seats VALUES(9,1,'3A','SECOND',0);
INSERT INTO seats VALUES(10,1,'3B','SECOND',0);
INSERT INTO seats VALUES(11,1,'3C','SECOND',0);
INSERT INTO seats VALUES(12,1,'3D','SECOND',0);
INSERT INTO seats VALUES(13,1,'4A','SECOND',0);
INSERT INTO seats VALUES(14,1,'4B','SECOND',0);
INSERT INTO seats VALUES(15,1,'4C','SECOND',0);
INSERT INTO seats VALUES(16,1,'4D','SECOND',0);
INSERT INTO seats VALUES(17,1,'5A','SECOND',0);
INSERT INTO seats VALUES(18,1,'5B','SECOND',0);
INSERT INTO seats VALUES(19,1,'5C','SECOND',0);
INSERT INTO seats VALUES(20,1,'5D','SECOND',0);
INSERT INTO seats VALUES(21,1,'6A','SECOND',0);
INSERT INTO seats VALUES(22,1,'6B','SECOND',0);
INSERT INTO seats VALUES(23,1,'6C','SECOND',0);
INSERT INTO seats VALUES(24,1,'6D','SECOND',0);
INSERT INTO seats VALUES(25,1,'7A','STANDARD',0);
INSERT INTO seats VALUES(26,1,'7B','STANDARD',0);
INSERT INTO seats VALUES(27,1,'7C','STANDARD',0);
INSERT INTO seats VALUES(28,1,'7D','STANDARD',0);
INSERT INTO seats VALUES(29,1,'8A','STANDARD',0);
INSERT INTO seats VALUES(30,1,'8B','STANDARD',0);
INSERT INTO seats VALUES(31,1,'8C','STANDARD',0);
INSERT INTO seats VALUES(32,1,'8D','STANDARD',0);
INSERT INTO seats VALUES(33,1,'9A','STANDARD',0);
INSERT INTO seats VALUES(34,1,'9B','STANDARD',0);
INSERT INTO seats VALUES(35,1,'9C','STANDARD',0);
INSERT INTO seats VALUES(36,1,'9D','STANDARD',0);
INSERT INTO seats VALUES(37,1,'10A','STANDARD',0);
INSERT INTO seats VALUES(38,1,'10B','STANDARD',0);
INSERT INTO seats VALUES(39,1,'10C','STANDARD',0);
INSERT INTO seats VALUES(40,1,'10D','STANDARD',0);
INSERT INTO seats VALUES(41,1,'11A','STANDARD',0);
INSERT INTO seats VALUES(42,1,'11B','STANDARD',0);
INSERT INTO seats VALUES(43,1,'11C','STANDARD',0);
INSERT INTO seats VALUES(44,1,'11D','STANDARD',0);
INSERT INTO seats VALUES(45,1,'12A','STANDARD',1);
INSERT INTO seats VALUES(46,1,'12B','STANDARD',0);
INSERT INTO seats VALUES(47,1,'12C','STANDARD',0);
INSERT INTO seats VALUES(48,1,'12D','STANDARD',0);
INSERT INTO seats VALUES(49,1,'13A','STANDARD',0);
INSERT INTO seats VALUES(50,1,'13B','STANDARD',0);
INSERT INTO seats VALUES(51,1,'13C','STANDARD',0);
INSERT INTO seats VALUES(52,1,'13D','STANDARD',0);
INSERT INTO seats VALUES(53,1,'14A','STANDARD',0);
INSERT INTO seats VALUES(54,1,'14B','STANDARD',0);
INSERT INTO seats VALUES(55,1,'14C','STANDARD',0);
INSERT INTO seats VALUES(56,1,'14D','STANDARD',0);
INSERT INTO seats VALUES(57,1,'15A','STANDARD',0);
INSERT INTO seats VALUES(58,1,'15B','STANDARD',0);
INSERT INTO seats VALUES(59,1,'15C','STANDARD',0);
INSERT INTO seats VALUES(60,1,'15D','STANDARD',0);
INSERT INTO seats VALUES(61,2,'1A','FIRST',0);
INSERT INTO seats VALUES(62,2,'1B','FIRST',0);
INSERT INTO seats VALUES(63,2,'1C','FIRST',0);
INSERT INTO seats VALUES(64,2,'1D','FIRST',0);
INSERT INTO seats VALUES(65,2,'2A','FIRST',0);
INSERT INTO seats VALUES(66,2,'2B','FIRST',0);
INSERT INTO seats VALUES(67,2,'2C','FIRST',0);
INSERT INTO seats VALUES(68,2,'2D','FIRST',0);
INSERT INTO seats VALUES(69,2,'3A','SECOND',0);
INSERT INTO seats VALUES(70,2,'3B','SECOND',0);
INSERT INTO seats VALUES(71,2,'3C','SECOND',0);
INSERT INTO seats VALUES(72,2,'3D','SECOND',0);
INSERT INTO seats VALUES(73,2,'4A','SECOND',0);
INSERT INTO seats VALUES(74,2,'4B','SECOND',0);
INSERT INTO seats VALUES(75,2,'4C','SECOND',0);
INSERT INTO seats VALUES(76,2,'4D','SECOND',0);
INSERT INTO seats VALUES(77,2,'5A','SECOND',0);
INSERT INTO seats VALUES(78,2,'5B','SECOND',0);
INSERT INTO seats VALUES(79,2,'5C','SECOND',0);
INSERT INTO seats VALUES(80,2,'5D','SECOND',0);
INSERT INTO seats VALUES(81,2,'6A','SECOND',0);
INSERT INTO seats VALUES(82,2,'6B','SECOND',0);
INSERT INTO seats VALUES(83,2,'6C','SECOND',0);
INSERT INTO seats VALUES(84,2,'6D','SECOND',0);
INSERT INTO seats VALUES(85,2,'7A','STANDARD',0);
INSERT INTO seats VALUES(86,2,'7B','STANDARD',0);
INSERT INTO seats VALUES(87,2,'7C','STANDARD',0);
INSERT INTO seats VALUES(88,2,'7D','STANDARD',0);
INSERT INTO seats VALUES(89,2,'8A','STANDARD',0);
INSERT INTO seats VALUES(90,2,'8B','STANDARD',0);
INSERT INTO seats VALUES(91,2,'8C','STANDARD',0);
INSERT INTO seats VALUES(92,2,'8D','STANDARD',0);
INSERT INTO seats VALUES(93,2,'9A','STANDARD',0);
INSERT INTO seats VALUES(94,2,'9B','STANDARD',0);
INSERT INTO seats VALUES(95,2,'9C','STANDARD',0);
INSERT INTO seats VALUES(96,2,'9D','STANDARD',0);
INSERT INTO seats VALUES(97,2,'10A','STANDARD',1);
INSERT INTO seats VALUES(98,2,'10B','STANDARD',0);
INSERT INTO seats VALUES(99,2,'10C','STANDARD',0);
INSERT INTO seats VALUES(100,2,'10D','STANDARD',0);
INSERT INTO seats VALUES(101,2,'11A','STANDARD',0);
INSERT INTO seats VALUES(102,2,'11B','STANDARD',0);
INSERT INTO seats VALUES(103,2,'11C','STANDARD',0);
INSERT INTO seats VALUES(104,2,'11D','STANDARD',0);
INSERT INTO seats VALUES(105,2,'12A','STANDARD',0);
INSERT INTO seats VALUES(106,2,'12B','STANDARD',0);
INSERT INTO seats VALUES(107,2,'12C','STANDARD',0);
INSERT INTO seats VALUES(108,2,'12D','STANDARD',0);
INSERT INTO seats VALUES(109,2,'13A','STANDARD',0);
INSERT INTO seats VALUES(110,2,'13B','STANDARD',1);
INSERT INTO seats VALUES(111,2,'13C','STANDARD',0);
INSERT INTO seats VALUES(112,2,'13D','STANDARD',0);
INSERT INTO seats VALUES(113,2,'14A','STANDARD',0);
INSERT INTO seats VALUES(114,2,'14B','STANDARD',0);
INSERT INTO seats VALUES(115,2,'14C','STANDARD',0);
INSERT INTO seats VALUES(116,2,'14D','STANDARD',0);
INSERT INTO seats VALUES(117,2,'15A','STANDARD',0);
INSERT INTO seats VALUES(118,2,'15B','STANDARD',0);
INSERT INTO seats VALUES(119,2,'15C','STANDARD',0);
INSERT INTO seats VALUES(120,2,'15D','STANDARD',0);
INSERT INTO seats VALUES(121,3,'1A','FIRST',0);
INSERT INTO seats VALUES(122,3,'1B','FIRST',0);
INSERT INTO seats VALUES(123,3,'1C','FIRST',0);
INSERT INTO seats VALUES(124,3,'1D','FIRST',0);
INSERT INTO seats VALUES(125,3,'2A','FIRST',0);
INSERT INTO seats VALUES(126,3,'2B','FIRST',0);
INSERT INTO seats VALUES(127,3,'2C','FIRST',0);
INSERT INTO seats VALUES(128,3,'2D','FIRST',0);
INSERT INTO seats VALUES(129,3,'3A','SECOND',0);
INSERT INTO seats VALUES(130,3,'3B','SECOND',0);
INSERT INTO seats VALUES(131,3,'3C','SECOND',0);
INSERT INTO seats VALUES(132,3,'3D','SECOND',0);
INSERT INTO seats VALUES(133,3,'4A','SECOND',0);
INSERT INTO seats VALUES(134,3,'4B','SECOND',0);
INSERT INTO seats VALUES(135,3,'4C','SECOND',0);
INSERT INTO seats VALUES(136,3,'4D','SECOND',0);
INSERT INTO seats VALUES(137,3,'5A','SECOND',0);
INSERT INTO seats VALUES(138,3,'5B','SECOND',0);
INSERT INTO seats VALUES(139,3,'5C','SECOND',0);
INSERT INTO seats VALUES(140,3,'5D','SECOND',0);
INSERT INTO seats VALUES(141,3,'6A','SECOND',0);
INSERT INTO seats VALUES(142,3,'6B','SECOND',0);
INSERT INTO seats VALUES(143,3,'6C','SECOND',0);
INSERT INTO seats VALUES(144,3,'6D','SECOND',0);
INSERT INTO seats VALUES(145,3,'7A','STANDARD',0);
INSERT INTO seats VALUES(146,3,'7B','STANDARD',0);
INSERT INTO seats VALUES(147,3,'7C','STANDARD',0);
INSERT INTO seats VALUES(148,3,'7D','STANDARD',0);
INSERT INTO seats VALUES(149,3,'8A','STANDARD',0);
INSERT INTO seats VALUES(150,3,'8B','STANDARD',0);
INSERT INTO seats VALUES(151,3,'8C','STANDARD',0);
INSERT INTO seats VALUES(152,3,'8D','STANDARD',0);
INSERT INTO seats VALUES(153,3,'9A','STANDARD',0);
INSERT INTO seats VALUES(154,3,'9B','STANDARD',0);
INSERT INTO seats VALUES(155,3,'9C','STANDARD',0);
INSERT INTO seats VALUES(156,3,'9D','STANDARD',0);
INSERT INTO seats VALUES(157,3,'10A','STANDARD',0);
INSERT INTO seats VALUES(158,3,'10B','STANDARD',0);
INSERT INTO seats VALUES(159,3,'10C','STANDARD',0);
INSERT INTO seats VALUES(160,3,'10D','STANDARD',0);
INSERT INTO seats VALUES(161,3,'11A','STANDARD',0);
INSERT INTO seats VALUES(162,3,'11B','STANDARD',0);
INSERT INTO seats VALUES(163,3,'11C','STANDARD',0);
INSERT INTO seats VALUES(164,3,'11D','STANDARD',0);
INSERT INTO seats VALUES(165,3,'12A','STANDARD',0);
INSERT INTO seats VALUES(166,3,'12B','STANDARD',0);
INSERT INTO seats VALUES(167,3,'12C','STANDARD',0);
INSERT INTO seats VALUES(168,3,'12D','STANDARD',0);
INSERT INTO seats VALUES(169,3,'13A','STANDARD',0);
INSERT INTO seats VALUES(170,3,'13B','STANDARD',0);
INSERT INTO seats VALUES(171,3,'13C','STANDARD',0);
INSERT INTO seats VALUES(172,3,'13D','STANDARD',0);
INSERT INTO seats VALUES(173,3,'14A','STANDARD',0);
INSERT INTO seats VALUES(174,3,'14B','STANDARD',0);
INSERT INTO seats VALUES(175,3,'14C','STANDARD',0);
INSERT INTO seats VALUES(176,3,'14D','STANDARD',0);
INSERT INTO seats VALUES(177,3,'15A','STANDARD',0);
INSERT INTO seats VALUES(178,3,'15B','STANDARD',0);
INSERT INTO seats VALUES(179,3,'15C','STANDARD',0);
INSERT INTO seats VALUES(180,3,'15D','STANDARD',0);
INSERT INTO seats VALUES(181,3,'16A','STANDARD',0);
INSERT INTO seats VALUES(182,3,'16B','STANDARD',0);
INSERT INTO seats VALUES(183,3,'16C','STANDARD',0);
INSERT INTO seats VALUES(184,3,'16D','STANDARD',0);
INSERT INTO seats VALUES(185,3,'17A','STANDARD',0);
INSERT INTO seats VALUES(186,3,'17B','STANDARD',0);
INSERT INTO seats VALUES(187,3,'17C','STANDARD',0);
INSERT INTO seats VALUES(188,3,'17D','STANDARD',0);
INSERT INTO seats VALUES(189,3,'18A','STANDARD',0);
INSERT INTO seats VALUES(190,3,'18B','STANDARD',0);
INSERT INTO seats VALUES(191,3,'18C','STANDARD',0);
INSERT INTO seats VALUES(192,3,'18D','STANDARD',0);
INSERT INTO seats VALUES(193,3,'19A','STANDARD',0);
INSERT INTO seats VALUES(194,3,'19B','STANDARD',0);
INSERT INTO seats VALUES(195,3,'19C','STANDARD',0);
INSERT INTO seats VALUES(196,3,'19D','STANDARD',0);
INSERT INTO seats VALUES(197,3,'20A','STANDARD',0);
INSERT INTO seats VALUES(198,3,'20B','STANDARD',0);
INSERT INTO seats VALUES(199,3,'20C','STANDARD',0);
INSERT INTO seats VALUES(200,3,'20D','STANDARD',0);
INSERT INTO seats VALUES(201,4,'1A','FIRST',1);
INSERT INTO seats VALUES(202,4,'1B','FIRST',0);
INSERT INTO seats VALUES(203,4,'1C','FIRST',0);
INSERT INTO seats VALUES(204,4,'1D','FIRST',0);
INSERT INTO seats VALUES(205,4,'2A','FIRST',0);
INSERT INTO seats VALUES(206,4,'2B','FIRST',0);
INSERT INTO seats VALUES(207,4,'2C','FIRST',0);
INSERT INTO seats VALUES(208,4,'2D','FIRST',0);
INSERT INTO seats VALUES(209,4,'3A','SECOND',0);
INSERT INTO seats VALUES(210,4,'3B','SECOND',0);
INSERT INTO seats VALUES(211,4,'3C','SECOND',0);
INSERT INTO seats VALUES(212,4,'3D','SECOND',0);
INSERT INTO seats VALUES(213,4,'4A','SECOND',0);
INSERT INTO seats VALUES(214,4,'4B','SECOND',0);
INSERT INTO seats VALUES(215,4,'4C','SECOND',0);
INSERT INTO seats VALUES(216,4,'4D','SECOND',0);
INSERT INTO seats VALUES(217,4,'5A','SECOND',0);
INSERT INTO seats VALUES(218,4,'5B','SECOND',0);
INSERT INTO seats VALUES(219,4,'5C','SECOND',0);
INSERT INTO seats VALUES(220,4,'5D','SECOND',0);
INSERT INTO seats VALUES(221,4,'6A','SECOND',0);
INSERT INTO seats VALUES(222,4,'6B','SECOND',0);
INSERT INTO seats VALUES(223,4,'6C','SECOND',0);
INSERT INTO seats VALUES(224,4,'6D','SECOND',0);
INSERT INTO seats VALUES(225,4,'7A','STANDARD',0);
INSERT INTO seats VALUES(226,4,'7B','STANDARD',0);
INSERT INTO seats VALUES(227,4,'7C','STANDARD',0);
INSERT INTO seats VALUES(228,4,'7D','STANDARD',0);
INSERT INTO seats VALUES(229,4,'8A','STANDARD',0);
INSERT INTO seats VALUES(230,4,'8B','STANDARD',0);
INSERT INTO seats VALUES(231,4,'8C','STANDARD',0);
INSERT INTO seats VALUES(232,4,'8D','STANDARD',0);
INSERT INTO seats VALUES(233,4,'9A','STANDARD',0);
INSERT INTO seats VALUES(234,4,'9B','STANDARD',0);
INSERT INTO seats VALUES(235,4,'9C','STANDARD',0);
INSERT INTO seats VALUES(236,4,'9D','STANDARD',0);
INSERT INTO seats VALUES(237,4,'10A','STANDARD',0);
INSERT INTO seats VALUES(238,4,'10B','STANDARD',0);
INSERT INTO seats VALUES(239,4,'10C','STANDARD',0);
INSERT INTO seats VALUES(240,4,'10D','STANDARD',0);
INSERT INTO seats VALUES(241,4,'11A','STANDARD',0);
INSERT INTO seats VALUES(242,4,'11B','STANDARD',0);
INSERT INTO seats VALUES(243,4,'11C','STANDARD',0);
INSERT INTO seats VALUES(244,4,'11D','STANDARD',0);
INSERT INTO seats VALUES(245,4,'12A','STANDARD',0);
INSERT INTO seats VALUES(246,4,'12B','STANDARD',0);
INSERT INTO seats VALUES(247,4,'12C','STANDARD',0);
INSERT INTO seats VALUES(248,4,'12D','STANDARD',0);
INSERT INTO seats VALUES(249,4,'13A','STANDARD',0);
INSERT INTO seats VALUES(250,4,'13B','STANDARD',0);
INSERT INTO seats VALUES(251,4,'13C','STANDARD',0);
INSERT INTO seats VALUES(252,4,'13D','STANDARD',0);
INSERT INTO seats VALUES(253,4,'14A','STANDARD',0);
INSERT INTO seats VALUES(254,4,'14B','STANDARD',0);
INSERT INTO seats VALUES(255,4,'14C','STANDARD',0);
INSERT INTO seats VALUES(256,4,'14D','STANDARD',0);
INSERT INTO seats VALUES(257,4,'15A','STANDARD',0);
INSERT INTO seats VALUES(258,4,'15B','STANDARD',0);
INSERT INTO seats VALUES(259,4,'15C','STANDARD',0);
INSERT INTO seats VALUES(260,4,'15D','STANDARD',0);
INSERT INTO seats VALUES(261,4,'16A','STANDARD',0);
INSERT INTO seats VALUES(262,4,'16B','STANDARD',0);
INSERT INTO seats VALUES(263,4,'16C','STANDARD',0);
INSERT INTO seats VALUES(264,4,'16D','STANDARD',0);
INSERT INTO seats VALUES(265,4,'17A','STANDARD',0);
INSERT INTO seats VALUES(266,4,'17B','STANDARD',0);
INSERT INTO seats VALUES(267,4,'17C','STANDARD',0);
INSERT INTO seats VALUES(268,4,'17D','STANDARD',0);
INSERT INTO seats VALUES(269,4,'18A','STANDARD',0);
INSERT INTO seats VALUES(270,4,'18B','STANDARD',0);
INSERT INTO seats VALUES(271,4,'18C','STANDARD',0);
INSERT INTO seats VALUES(272,4,'18D','STANDARD',0);
INSERT INTO seats VALUES(273,4,'19A','STANDARD',0);
INSERT INTO seats VALUES(274,4,'19B','STANDARD',0);
INSERT INTO seats VALUES(275,4,'19C','STANDARD',0);
INSERT INTO seats VALUES(276,4,'19D','STANDARD',0);
INSERT INTO seats VALUES(277,4,'20A','STANDARD',0);
INSERT INTO seats VALUES(278,4,'20B','STANDARD',0);
INSERT INTO seats VALUES(279,4,'20C','STANDARD',0);
INSERT INTO seats VALUES(280,4,'20D','STANDARD',0);
INSERT INTO seats VALUES(281,4,'21A','STANDARD',0);
INSERT INTO seats VALUES(282,4,'21B','STANDARD',0);
INSERT INTO seats VALUES(283,4,'21C','STANDARD',0);
INSERT INTO seats VALUES(284,4,'21D','STANDARD',0);
INSERT INTO seats VALUES(285,4,'22A','STANDARD',0);
INSERT INTO seats VALUES(286,4,'22B','STANDARD',0);
INSERT INTO seats VALUES(287,4,'22C','STANDARD',0);
INSERT INTO seats VALUES(288,4,'22D','STANDARD',0);
INSERT INTO seats VALUES(289,4,'23A','STANDARD',0);
INSERT INTO seats VALUES(290,4,'23B','STANDARD',0);
INSERT INTO seats VALUES(291,4,'23C','STANDARD',0);
INSERT INTO seats VALUES(292,4,'23D','STANDARD',0);
INSERT INTO seats VALUES(293,4,'24A','STANDARD',0);
INSERT INTO seats VALUES(294,4,'24B','STANDARD',0);
INSERT INTO seats VALUES(295,4,'24C','STANDARD',0);
INSERT INTO seats VALUES(296,4,'24D','STANDARD',0);
INSERT INTO seats VALUES(297,4,'25A','STANDARD',0);
INSERT INTO seats VALUES(298,4,'25B','STANDARD',0);
INSERT INTO seats VALUES(299,4,'25C','STANDARD',0);
INSERT INTO seats VALUES(300,4,'25D','STANDARD',0);
INSERT INTO seats VALUES(301,5,'1A','FIRST',0);
INSERT INTO seats VALUES(302,5,'1B','FIRST',0);
INSERT INTO seats VALUES(303,5,'1C','FIRST',0);
INSERT INTO seats VALUES(304,5,'1D','FIRST',0);
INSERT INTO seats VALUES(305,5,'2A','FIRST',0);
INSERT INTO seats VALUES(306,5,'2B','FIRST',0);
INSERT INTO seats VALUES(307,5,'2C','FIRST',0);
INSERT INTO seats VALUES(308,5,'2D','FIRST',0);
INSERT INTO seats VALUES(309,5,'3A','SECOND',0);
INSERT INTO seats VALUES(310,5,'3B','SECOND',0);
INSERT INTO seats VALUES(311,5,'3C','SECOND',0);
INSERT INTO seats VALUES(312,5,'3D','SECOND',0);
INSERT INTO seats VALUES(313,5,'4A','SECOND',0);
INSERT INTO seats VALUES(314,5,'4B','SECOND',0);
INSERT INTO seats VALUES(315,5,'4C','SECOND',0);
INSERT INTO seats VALUES(316,5,'4D','SECOND',0);
INSERT INTO seats VALUES(317,5,'5A','SECOND',0);
INSERT INTO seats VALUES(318,5,'5B','SECOND',0);
INSERT INTO seats VALUES(319,5,'5C','SECOND',0);
INSERT INTO seats VALUES(320,5,'5D','SECOND',0);
INSERT INTO seats VALUES(321,5,'6A','SECOND',0);
INSERT INTO seats VALUES(322,5,'6B','SECOND',0);
INSERT INTO seats VALUES(323,5,'6C','SECOND',0);
INSERT INTO seats VALUES(324,5,'6D','SECOND',0);
INSERT INTO seats VALUES(325,5,'7A','STANDARD',0);
INSERT INTO seats VALUES(326,5,'7B','STANDARD',0);
INSERT INTO seats VALUES(327,5,'7C','STANDARD',0);
INSERT INTO seats VALUES(328,5,'7D','STANDARD',0);
INSERT INTO seats VALUES(329,5,'8A','STANDARD',0);
INSERT INTO seats VALUES(330,5,'8B','STANDARD',0);
INSERT INTO seats VALUES(331,5,'8C','STANDARD',0);
INSERT INTO seats VALUES(332,5,'8D','STANDARD',0);
INSERT INTO seats VALUES(333,5,'9A','STANDARD',0);
INSERT INTO seats VALUES(334,5,'9B','STANDARD',0);
INSERT INTO seats VALUES(335,5,'9C','STANDARD',0);
INSERT INTO seats VALUES(336,5,'9D','STANDARD',0);
INSERT INTO seats VALUES(337,5,'10A','STANDARD',0);
INSERT INTO seats VALUES(338,5,'10B','STANDARD',0);
INSERT INTO seats VALUES(339,5,'10C','STANDARD',0);
INSERT INTO seats VALUES(340,5,'10D','STANDARD',0);
INSERT INTO seats VALUES(341,5,'11A','STANDARD',0);
INSERT INTO seats VALUES(342,5,'11B','STANDARD',0);
INSERT INTO seats VALUES(343,5,'11C','STANDARD',0);
INSERT INTO seats VALUES(344,5,'11D','STANDARD',0);
INSERT INTO seats VALUES(345,5,'12A','STANDARD',0);
INSERT INTO seats VALUES(346,5,'12B','STANDARD',0);
INSERT INTO seats VALUES(347,5,'12C','STANDARD',0);
INSERT INTO seats VALUES(348,5,'12D','STANDARD',0);
INSERT INTO seats VALUES(349,5,'13A','STANDARD',0);
INSERT INTO seats VALUES(350,5,'13B','STANDARD',0);
INSERT INTO seats VALUES(351,5,'13C','STANDARD',0);
INSERT INTO seats VALUES(352,5,'13D','STANDARD',0);
INSERT INTO seats VALUES(353,5,'14A','STANDARD',0);
INSERT INTO seats VALUES(354,5,'14B','STANDARD',0);
INSERT INTO seats VALUES(355,5,'14C','STANDARD',0);
INSERT INTO seats VALUES(356,5,'14D','STANDARD',0);
INSERT INTO seats VALUES(357,5,'15A','STANDARD',0);
INSERT INTO seats VALUES(358,5,'15B','STANDARD',0);
INSERT INTO seats VALUES(359,5,'15C','STANDARD',0);
INSERT INTO seats VALUES(360,5,'15D','STANDARD',0);
INSERT INTO seats VALUES(361,6,'1A','FIRST',0);
INSERT INTO seats VALUES(362,6,'1B','FIRST',0);
INSERT INTO seats VALUES(363,6,'1C','FIRST',0);
INSERT INTO seats VALUES(364,6,'1D','FIRST',0);
INSERT INTO seats VALUES(365,6,'2A','FIRST',0);
INSERT INTO seats VALUES(366,6,'2B','FIRST',0);
INSERT INTO seats VALUES(367,6,'2C','FIRST',0);
INSERT INTO seats VALUES(368,6,'2D','FIRST',0);
INSERT INTO seats VALUES(369,6,'3A','SECOND',0);
INSERT INTO seats VALUES(370,6,'3B','SECOND',0);
INSERT INTO seats VALUES(371,6,'3C','SECOND',0);
INSERT INTO seats VALUES(372,6,'3D','SECOND',0);
INSERT INTO seats VALUES(373,6,'4A','SECOND',0);
INSERT INTO seats VALUES(374,6,'4B','SECOND',0);
INSERT INTO seats VALUES(375,6,'4C','SECOND',0);
INSERT INTO seats VALUES(376,6,'4D','SECOND',0);
INSERT INTO seats VALUES(377,6,'5A','SECOND',0);
INSERT INTO seats VALUES(378,6,'5B','SECOND',0);
INSERT INTO seats VALUES(379,6,'5C','SECOND',0);
INSERT INTO seats VALUES(380,6,'5D','SECOND',0);
INSERT INTO seats VALUES(381,6,'6A','SECOND',0);
INSERT INTO seats VALUES(382,6,'6B','SECOND',0);
INSERT INTO seats VALUES(383,6,'6C','SECOND',0);
INSERT INTO seats VALUES(384,6,'6D','SECOND',0);
INSERT INTO seats VALUES(385,6,'7A','STANDARD',0);
INSERT INTO seats VALUES(386,6,'7B','STANDARD',0);
INSERT INTO seats VALUES(387,6,'7C','STANDARD',0);
INSERT INTO seats VALUES(388,6,'7D','STANDARD',0);
INSERT INTO seats VALUES(389,6,'8A','STANDARD',0);
INSERT INTO seats VALUES(390,6,'8B','STANDARD',0);
INSERT INTO seats VALUES(391,6,'8C','STANDARD',0);
INSERT INTO seats VALUES(392,6,'8D','STANDARD',0);
INSERT INTO seats VALUES(393,6,'9A','STANDARD',0);
INSERT INTO seats VALUES(394,6,'9B','STANDARD',0);
INSERT INTO seats VALUES(395,6,'9C','STANDARD',0);
INSERT INTO seats VALUES(396,6,'9D','STANDARD',0);
INSERT INTO seats VALUES(397,6,'10A','STANDARD',0);
INSERT INTO seats VALUES(398,6,'10B','STANDARD',0);
INSERT INTO seats VALUES(399,6,'10C','STANDARD',0);
INSERT INTO seats VALUES(400,6,'10D','STANDARD',0);
INSERT INTO seats VALUES(401,6,'11A','STANDARD',0);
INSERT INTO seats VALUES(402,6,'11B','STANDARD',0);
INSERT INTO seats VALUES(403,6,'11C','STANDARD',0);
INSERT INTO seats VALUES(404,6,'11D','STANDARD',0);
INSERT INTO seats VALUES(405,6,'12A','STANDARD',0);
INSERT INTO seats VALUES(406,6,'12B','STANDARD',0);
INSERT INTO seats VALUES(407,6,'12C','STANDARD',0);
INSERT INTO seats VALUES(408,6,'12D','STANDARD',0);
INSERT INTO seats VALUES(409,6,'13A','STANDARD',0);
INSERT INTO seats VALUES(410,6,'13B','STANDARD',0);
INSERT INTO seats VALUES(411,6,'13C','STANDARD',0);
INSERT INTO seats VALUES(412,6,'13D','STANDARD',0);
INSERT INTO seats VALUES(413,6,'14A','STANDARD',0);
INSERT INTO seats VALUES(414,6,'14B','STANDARD',0);
INSERT INTO seats VALUES(415,6,'14C','STANDARD',0);
INSERT INTO seats VALUES(416,6,'14D','STANDARD',0);
INSERT INTO seats VALUES(417,6,'15A','STANDARD',0);
INSERT INTO seats VALUES(418,6,'15B','STANDARD',0);
INSERT INTO seats VALUES(419,6,'15C','STANDARD',0);
INSERT INTO seats VALUES(420,6,'15D','STANDARD',0);
INSERT INTO seats VALUES(421,7,'1A','FIRST',0);
INSERT INTO seats VALUES(422,7,'1B','FIRST',0);
INSERT INTO seats VALUES(423,7,'1C','FIRST',0);
INSERT INTO seats VALUES(424,7,'1D','FIRST',0);
INSERT INTO seats VALUES(425,7,'2A','FIRST',0);
INSERT INTO seats VALUES(426,7,'2B','FIRST',0);
INSERT INTO seats VALUES(427,7,'2C','FIRST',0);
INSERT INTO seats VALUES(428,7,'2D','FIRST',0);
INSERT INTO seats VALUES(429,7,'3A','SECOND',0);
INSERT INTO seats VALUES(430,7,'3B','SECOND',0);
INSERT INTO seats VALUES(431,7,'3C','SECOND',0);
INSERT INTO seats VALUES(432,7,'3D','SECOND',0);
INSERT INTO seats VALUES(433,7,'4A','SECOND',0);
INSERT INTO seats VALUES(434,7,'4B','SECOND',0);
INSERT INTO seats VALUES(435,7,'4C','SECOND',0);
INSERT INTO seats VALUES(436,7,'4D','SECOND',0);
INSERT INTO seats VALUES(437,7,'5A','SECOND',0);
INSERT INTO seats VALUES(438,7,'5B','SECOND',0);
INSERT INTO seats VALUES(439,7,'5C','SECOND',0);
INSERT INTO seats VALUES(440,7,'5D','SECOND',0);
INSERT INTO seats VALUES(441,7,'6A','SECOND',0);
INSERT INTO seats VALUES(442,7,'6B','SECOND',0);
INSERT INTO seats VALUES(443,7,'6C','SECOND',0);
INSERT INTO seats VALUES(444,7,'6D','SECOND',0);
INSERT INTO seats VALUES(445,7,'7A','STANDARD',0);
INSERT INTO seats VALUES(446,7,'7B','STANDARD',0);
INSERT INTO seats VALUES(447,7,'7C','STANDARD',0);
INSERT INTO seats VALUES(448,7,'7D','STANDARD',0);
INSERT INTO seats VALUES(449,7,'8A','STANDARD',0);
INSERT INTO seats VALUES(450,7,'8B','STANDARD',0);
INSERT INTO seats VALUES(451,7,'8C','STANDARD',0);
INSERT INTO seats VALUES(452,7,'8D','STANDARD',0);
INSERT INTO seats VALUES(453,7,'9A','STANDARD',0);
INSERT INTO seats VALUES(454,7,'9B','STANDARD',0);
INSERT INTO seats VALUES(455,7,'9C','STANDARD',0);
INSERT INTO seats VALUES(456,7,'9D','STANDARD',0);
INSERT INTO seats VALUES(457,7,'10A','STANDARD',0);
INSERT INTO seats VALUES(458,7,'10B','STANDARD',0);
INSERT INTO seats VALUES(459,7,'10C','STANDARD',0);
INSERT INTO seats VALUES(460,7,'10D','STANDARD',0);
INSERT INTO seats VALUES(461,7,'11A','STANDARD',0);
INSERT INTO seats VALUES(462,7,'11B','STANDARD',0);
INSERT INTO seats VALUES(463,7,'11C','STANDARD',0);
INSERT INTO seats VALUES(464,7,'11D','STANDARD',0);
INSERT INTO seats VALUES(465,7,'12A','STANDARD',0);
INSERT INTO seats VALUES(466,7,'12B','STANDARD',0);
INSERT INTO seats VALUES(467,7,'12C','STANDARD',0);
INSERT INTO seats VALUES(468,7,'12D','STANDARD',0);
INSERT INTO seats VALUES(469,7,'13A','STANDARD',0);
INSERT INTO seats VALUES(470,7,'13B','STANDARD',0);
INSERT INTO seats VALUES(471,8,'1A','FIRST',0);
INSERT INTO seats VALUES(472,8,'1B','FIRST',0);
INSERT INTO seats VALUES(473,8,'1C','FIRST',0);
INSERT INTO seats VALUES(474,8,'1D','FIRST',0);
INSERT INTO seats VALUES(475,8,'2A','FIRST',0);
INSERT INTO seats VALUES(476,8,'2B','FIRST',0);
INSERT INTO seats VALUES(477,8,'2C','FIRST',0);
INSERT INTO seats VALUES(478,8,'2D','FIRST',0);
INSERT INTO seats VALUES(479,8,'3A','SECOND',0);
INSERT INTO seats VALUES(480,8,'3B','SECOND',0);
INSERT INTO seats VALUES(481,8,'3C','SECOND',0);
INSERT INTO seats VALUES(482,8,'3D','SECOND',0);
INSERT INTO seats VALUES(483,8,'4A','SECOND',0);
INSERT INTO seats VALUES(484,8,'4B','SECOND',1);
INSERT INTO seats VALUES(485,8,'4C','SECOND',0);
INSERT INTO seats VALUES(486,8,'4D','SECOND',0);
INSERT INTO seats VALUES(487,8,'5A','SECOND',0);
INSERT INTO seats VALUES(488,8,'5B','SECOND',0);
INSERT INTO seats VALUES(489,8,'5C','SECOND',0);
INSERT INTO seats VALUES(490,8,'5D','SECOND',0);
INSERT INTO seats VALUES(491,8,'6A','SECOND',0);
INSERT INTO seats VALUES(492,8,'6B','SECOND',0);
INSERT INTO seats VALUES(493,8,'6C','SECOND',0);
INSERT INTO seats VALUES(494,8,'6D','SECOND',0);
INSERT INTO seats VALUES(495,8,'7A','STANDARD',0);
INSERT INTO seats VALUES(496,8,'7B','STANDARD',0);
INSERT INTO seats VALUES(497,8,'7C','STANDARD',0);
INSERT INTO seats VALUES(498,8,'7D','STANDARD',0);
INSERT INTO seats VALUES(499,8,'8A','STANDARD',0);
INSERT INTO seats VALUES(500,8,'8B','STANDARD',0);
INSERT INTO seats VALUES(501,8,'8C','STANDARD',0);
INSERT INTO seats VALUES(502,8,'8D','STANDARD',0);
INSERT INTO seats VALUES(503,8,'9A','STANDARD',0);
INSERT INTO seats VALUES(504,8,'9B','STANDARD',0);
INSERT INTO seats VALUES(505,8,'9C','STANDARD',0);
INSERT INTO seats VALUES(506,8,'9D','STANDARD',0);
INSERT INTO seats VALUES(507,8,'10A','STANDARD',0);
INSERT INTO seats VALUES(508,8,'10B','STANDARD',0);
INSERT INTO seats VALUES(509,8,'10C','STANDARD',0);
INSERT INTO seats VALUES(510,8,'10D','STANDARD',0);
INSERT INTO seats VALUES(511,8,'11A','STANDARD',0);
INSERT INTO seats VALUES(512,8,'11B','STANDARD',0);
INSERT INTO seats VALUES(513,8,'11C','STANDARD',0);
INSERT INTO seats VALUES(514,8,'11D','STANDARD',0);
INSERT INTO seats VALUES(515,8,'12A','STANDARD',0);
INSERT INTO seats VALUES(516,8,'12B','STANDARD',0);
INSERT INTO seats VALUES(517,8,'12C','STANDARD',0);
INSERT INTO seats VALUES(518,8,'12D','STANDARD',0);
INSERT INTO seats VALUES(519,8,'13A','STANDARD',0);
INSERT INTO seats VALUES(520,8,'13B','STANDARD',0);
INSERT INTO seats VALUES(521,8,'13C','STANDARD',0);
INSERT INTO seats VALUES(522,8,'13D','STANDARD',0);
INSERT INTO seats VALUES(523,8,'14A','STANDARD',0);
INSERT INTO seats VALUES(524,8,'14B','STANDARD',0);
INSERT INTO seats VALUES(525,8,'14C','STANDARD',0);
INSERT INTO seats VALUES(526,8,'14D','STANDARD',0);
INSERT INTO seats VALUES(527,8,'15A','STANDARD',1);
INSERT INTO seats VALUES(528,8,'15B','STANDARD',0);
INSERT INTO seats VALUES(529,8,'15C','STANDARD',0);
INSERT INTO seats VALUES(530,8,'15D','STANDARD',0);
CREATE TABLE bookings (    id          INTEGER PRIMARY KEY AUTOINCREMENT,    user_id     INTEGER NOT NULL,    train_id    INTEGER NOT NULL,    seat_id     INTEGER NOT NULL,    status      TEXT    NOT NULL DEFAULT 'CONFIRMED',    booked_at   TEXT    NOT NULL,    total_price REAL    NOT NULL,    FOREIGN KEY (user_id)  REFERENCES users(id),    FOREIGN KEY (train_id) REFERENCES trains(id),    FOREIGN KEY (seat_id)  REFERENCES seats(id));
INSERT INTO bookings VALUES(1,1,2,97,'CONFIRMED','2026-04-20 16:23:01',35.0);
INSERT INTO bookings VALUES(2,1,2,110,'CONFIRMED','2026-04-20 16:23:41',35.0);
INSERT INTO bookings VALUES(3,2,4,254,'CANCELLED','2026-04-21 17:55:38',22.0);
INSERT INTO bookings VALUES(4,2,4,201,'CONFIRMED','2026-04-21 17:55:49',33.0);
INSERT INTO bookings VALUES(5,2,8,485,'CANCELLED','2026-04-21 17:56:58',42.0);
INSERT INTO bookings VALUES(6,2,8,484,'CONFIRMED','2026-04-21 17:57:01',42.0);
INSERT INTO bookings VALUES(7,3,8,521,'CANCELLED','2026-04-21 17:59:26',35.0);
INSERT INTO bookings VALUES(8,3,8,527,'CONFIRMED','2026-04-21 17:59:31',35.0);
INSERT INTO bookings VALUES(9,3,1,45,'CONFIRMED','2026-04-21 18:35:06',35.0);
INSERT INTO bookings VALUES(10,9,1,50,'CANCELLED','2026-04-21 19:35:36',35.0);
INSERT INTO bookings VALUES(11,9,8,529,'CANCELLED','2026-04-21 19:42:10',35.0);
PRAGMA writable_schema=ON;
CREATE TABLE IF NOT EXISTS sqlite_sequence(name,seq);
DELETE FROM sqlite_sequence;
INSERT INTO sqlite_sequence VALUES('trains',8);
INSERT INTO sqlite_sequence VALUES('seats',530);
INSERT INTO sqlite_sequence VALUES('users',9);
INSERT INTO sqlite_sequence VALUES('bookings',11);
PRAGMA writable_schema=OFF;
COMMIT;
